Páginas principales,Clics,Impresiones,CTR,Posición
https://calcto.work/es/calculadora-cop-eer-climatizacion/,9,113,7.96%,19.38
https://calcto.work/pt/calculadora-laje-concreto/,4,67,5.97%,15.57
https://calcto.work/es/calculadora-acometida-agua/,4,26,15.38%,10.31
https://calcto.work/es/calculadora-rejillas-difusores/,3,68,4.41%,6.32
https://calcto.work/es/calculadora-tabique-pladur/,3,54,5.56%,13.02
https://calcto.work/es/calculadora-losa-hormigon/,3,49,6.12%,21.41
https://calcto.work/es/calculadora-tuberia-saneamiento/,3,18,16.67%,6.17
https://calcto.work/es/calculadora-aislamiento-termico/,2,28,7.14%,11.79
https://calcto.work/es/calculadora-riego-goteo/,2,25,8%,18.08
https://calcto.work/es/calculadora-bloque-hormigon/,1,46,2.17%,9.7
https://calcto.work/es/calculadora-imprimacion-sellador/,1,39,2.56%,4.77
https://calcto.work/en/drywall-partition-calculator/,1,18,5.56%,6.89
https://calcto.work/de/,1,15,6.67%,7
https://calcto.work/de/erdaushub-rechner/,1,15,6.67%,12.73
https://calcto.work/de/arbeitskosten-rechner/,1,11,9.09%,16
https://calcto.work/it/,1,11,9.09%,17.73
https://calcto.work/es/calculadora-escalera-madera/,1,10,10%,5.8
https://calcto.work/de/abwasserrohr-rechner/,1,8,12.5%,9.62
https://calcto.work/en/primer-sealer-calculator/,1,7,14.29%,4
https://calcto.work/en/air-grille-diffuser-calculator/,1,7,14.29%,11.29
https://calcto.work/de/streifenfundament-rechner/15x0-8x0-8m/,1,2,50%,6
https://calcto.work/en/evapotranspiration/,1,2,50%,7.5
https://calcto.work/pt/circuito-rl/,1,2,50%,9
https://calcto.work/en/thermal-insulation-calculator/6x3-5m-10cm/,1,1,100%,1
https://calcto.work/it/ohms-law-power/,1,1,100%,1
https://calcto.work/en/wall-tile-calculator/,0,420,0%,86.51
https://calcto.work/en/cop-eer-hvac-calculator/,0,157,0%,45.34
https://calcto.work/en/bmr-mifflin-st-jeor/,0,128,0%,5.94
https://calcto.work/en/thermal-insulation-calculator/,0,62,0%,14.53
https://calcto.work/de/grundierung-rechner/,0,59,0%,4.37
https://calcto.work/en/concrete-block-calculator/,0,59,0%,69.76
https://calcto.work/de/fahrzeugabschreibung-rechner/,0,51,0%,50.94
https://calcto.work/es/calculadora-amortizacion-vehiculo/,0,43,0%,20.35
https://calcto.work/it/calcolatore-scavo-terra/,0,35,0%,16.6
https://calcto.work/pt/calculadora-primer-selador/,0,33,0%,6.09
https://calcto.work/pt/calculadora-azulejo-parede/,0,31,0%,6.74
https://calcto.work/de/cop-eer-klimaanlage-rechner/,0,28,0%,20.32
https://calcto.work/en/,0,24,0%,7.38
https://calcto.work/es/calculadora-hormigon-masa/,0,24,0%,56.54
https://calcto.work/en/earthwork-excavation-calculator/,0,24,0%,64.75
https://calcto.work/en/true-airspeed/,0,21,0%,9
https://calcto.work/it/calcolatore-tubo-scarico/,0,19,0%,20.47
https://calcto.work/it/calcolatore-primer-fondo/,0,18,0%,7.5
https://calcto.work/de/holztreppe-rechner/,0,16,0%,39.88
https://calcto.work/es/ecuacion-bernoulli/,0,15,0%,16.07
https://calcto.work/en/bandwidth-calculator/,0,15,0%,60.4
https://calcto.work/en/raid-capacity/,0,13,0%,67.62
https://calcto.work/en/z-score/,0,13,0%,75.23
https://calcto.work/pt/,0,12,0%,10.5
https://calcto.work/es/punto-rocio/,0,12,0%,82.17
https://calcto.work/es/calculadora-azulejo-pared/,0,11,0%,18.27
https://calcto.work/es/ley-stefan-boltzmann/,0,10,0%,35.7
https://calcto.work/de/beleuchtungsstaerke-rechner/8m2-t2/,0,10,0%,71.4
https://calcto.work/es/necesidades-seguro-vida/,0,10,0%,87.8
https://calcto.work/en/molarity-calculator/,0,9,0%,76
https://calcto.work/de/spannungsteiler/,0,9,0%,87.67
https://calcto.work/en/healthy-weight-range/,0,9,0%,91.22
https://calcto.work/en/tdee-calculator/,0,8,0%,6.25
https://calcto.work/es/distancia-ortodromica/,0,8,0%,14.62
https://calcto.work/en/factorial/,0,8,0%,39.5
https://calcto.work/fr/point-rosee/,0,8,0%,42.88
https://calcto.work/en/transformer-turns-ratio/,0,8,0%,58.88
https://calcto.work/en/speed/,0,8,0%,73.5
https://calcto.work/en/vehicle-depreciation-calculator/,0,7,0%,16.86
https://calcto.work/en/cholesterol-ldl/,0,7,0%,67.57
https://calcto.work/en/present-value-annuity/,0,7,0%,72.29
https://calcto.work/,0,6,0%,5.33
https://calcto.work/es/suma-decibelios/,0,6,0%,11
https://calcto.work/en/body-fat-navy/,0,6,0%,42.83
https://calcto.work/fr/remboursement-anticipe/,0,6,0%,63.33
https://calcto.work/de/inflation/,0,6,0%,71
https://calcto.work/en/monthly-electricity-cost-calculator/3000w-2h/,0,5,0%,9.2
https://calcto.work/es/crecimiento-exponencial/,0,5,0%,13
https://calcto.work/de/spannungsabfall-rechner/10mm2-50m/,0,5,0%,18
https://calcto.work/es/calculadora-volumen-piscina/5x5x1-5m/,0,5,0%,26
https://calcto.work/en/exponential-growth/,0,5,0%,48.6
https://calcto.work/de/waermeausdehnung/,0,5,0%,59.4
https://calcto.work/de/wasserbedarf-nach-gewicht/,0,5,0%,62
https://calcto.work/en/salary-to-hourly/,0,5,0%,75.4
https://calcto.work/en/quartile-calculator/,0,5,0%,82.6
https://calcto.work/en/voltage-drop-calculator/4mm2-5m/,0,5,0%,94.2
https://calcto.work/en/fuel-burn/,0,4,0%,7
https://calcto.work/en/mass-concrete-calculator/,0,4,0%,7
https://calcto.work/es/capacidad-raid/,0,4,0%,7.75
https://calcto.work/fr/distance-orthodromique/,0,4,0%,10.25
https://calcto.work/es/calculadora-losa-hormigon/8x6x0-3m/,0,4,0%,11.25
https://calcto.work/en/typing-speed-wpm/,0,4,0%,32.75
https://calcto.work/fr/calculateur-tuyau-assainissement/,0,4,0%,39
https://calcto.work/es/dilucion/,0,4,0%,44
https://calcto.work/en/capacitor-energy/,0,4,0%,52.5
https://calcto.work/fr/poids/,0,4,0%,55
https://calcto.work/es/tasa-metabolica-basal-mifflin/,0,4,0%,72.25
https://calcto.work/en/thermal-expansion/,0,4,0%,74
https://calcto.work/en/target-weight/,0,4,0%,86.25
https://calcto.work/es/calculadora-seccion-cable-electrico/6a-10m/,0,4,0%,88.25
https://calcto.work/es/vo2-max/,0,4,0%,91.25
https://calcto.work/en/wooden-staircase-calculator/,0,3,0%,4.67
https://calcto.work/it/calcolatore-pavimento-ceramica/45x45-12m2/,0,3,0%,4.67
https://calcto.work/es/,0,3,0%,5
https://calcto.work/it/calcolatore-blocco-calcestruzzo/,0,3,0%,5.33
https://calcto.work/es/calculadora-consumo-electrico-mensual/500w-4h/,0,3,0%,6
https://calcto.work/it/calcolatore-tegole-copertura/50m2-25pct/,0,3,0%,6.33
https://calcto.work/de/zaunpfosten-rechner/,0,3,0%,7
https://calcto.work/en/contrast-ratio/,0,3,0%,7
https://calcto.work/en/swimming-pool-volume-calculator/4x2x1-8m/,0,3,0%,7.67
https://calcto.work/en/concrete-beam-calculator/0-25x0-4m-6m-6ud/,0,3,0%,9.67
https://calcto.work/en/terrazzo-floor-calculator/20x20-5m2/,0,3,0%,10
https://calcto.work/es/ley-boyle/,0,3,0%,10
https://calcto.work/fr/taille-fichier-video/,0,3,0%,13
https://calcto.work/de/betonblock-rechner/,0,3,0%,26.67
https://calcto.work/fr/equation-bernoulli/,0,3,0%,30
https://calcto.work/fr/zones-frequencia-cardiaque/,0,3,0%,36.67
https://calcto.work/pt/volume/,0,3,0%,62.33
https://calcto.work/pt/codigo-cores-resistor/,0,3,0%,71.67
https://calcto.work/de/dachziegel-rechner/30m2-25pct/,0,3,0%,73
https://calcto.work/de/geruest-miete-rechner/8x8m-4w/,0,3,0%,75.33
https://calcto.work/it/codice-colori-resistenza/,0,3,0%,81.33
https://calcto.work/en/molecular-weight/,0,3,0%,82.33
https://calcto.work/es/humedad-relativa-rocio/,0,3,0%,87.33
https://calcto.work/de/dachziegel-rechner/40m2-25pct/,0,3,0%,89.67
https://calcto.work/en/concrete-column-calculator/0-35x0-35m-h4-0m-4ud/,0,2,0%,1.5
https://calcto.work/en/concrete-column-calculator/0-35x0-35m-h4-0m-8ud/,0,2,0%,1.5
https://calcto.work/es/calculadora-losa-hormigon/4x6x0-15m/,0,2,0%,2
https://calcto.work/pt/calculadora-piso-terrazo/,0,2,0%,3
https://calcto.work/en/earthwork-excavation-calculator/5x3x0-5m/,0,2,0%,4
https://calcto.work/en/aluminium-pvc-window-calculator/3ud-1-2x1-0m/,0,2,0%,4.5
https://calcto.work/pt/calculadora-queda-tensao/6mm2-30m/,0,2,0%,4.5
https://calcto.work/en/titration-calculator/,0,2,0%,5
https://calcto.work/en/voltage-drop-calculator/4mm2-50m/,0,2,0%,5
https://calcto.work/es/calculadora-rendimiento-diario-obra/3op-6h-8m2h/,0,2,0%,5
https://calcto.work/fr/produit-scalaire/,0,2,0%,5
https://calcto.work/en/earthwork-excavation-calculator/5x3x1-0m/,0,2,0%,5.5
https://calcto.work/fr/calculateur-vernis-bois-exterieur/30m2-2c/,0,2,0%,5.5
https://calcto.work/en/aluminium-pvc-window-calculator/1ud-1-5x1-2m/,0,2,0%,6
https://calcto.work/en/aluminium-pvc-window-calculator/2ud-1-2x1-0m/,0,2,0%,6
https://calcto.work/it/larghezza-banda/,0,2,0%,6
https://calcto.work/en/concrete-column-calculator/0-25x0-25m-h3-0m-4ud/,0,2,0%,6.5
https://calcto.work/de/zementmoertel-rechner/10m2-4cm/,0,2,0%,7
https://calcto.work/en/concrete-column-calculator/0-4x0-4m-h4-0m-4ud/,0,2,0%,7
https://calcto.work/es/calculadora-pilares-hormigon/0-25x0-25m-h3-5m-8ud/,0,2,0%,8
https://calcto.work/fr/poids-cible/,0,2,0%,8
https://calcto.work/es/circuito-rc/,0,2,0%,8.5
https://calcto.work/it/livello-sonoro-distanza/,0,2,0%,8.5
https://calcto.work/de/fugenmasse-rechner/45cm-10m2/,0,2,0%,9
https://calcto.work/es/calculadora-mamposteria-piedra/2x2-5m/,0,2,0%,9
https://calcto.work/de/stuetzmauer-rechner/3x2-5m/,0,2,0%,9.5
https://calcto.work/pt/calculadora-esmalte-sintetico/8m2-2c/,0,2,0%,9.5
https://calcto.work/pt/calculadora-tubulacao-saneamento/,0,2,0%,9.5
https://calcto.work/en/swimming-pool-volume-calculator/8x3x1-8m/,0,2,0%,11
https://calcto.work/it/calcolatore-poh/,0,2,0%,12.5
https://calcto.work/es/efecto-doppler/,0,2,0%,23
https://calcto.work/en/sliding-door-calculator/,0,2,0%,24.5
https://calcto.work/es/energia-bobina/,0,2,0%,26
https://calcto.work/en/mets-calculator/,0,2,0%,28.5
https://calcto.work/de/spannungsabfall-rechner/4mm2-5m/,0,2,0%,29.5
https://calcto.work/it/ph-hidrogeno/,0,2,0%,30.5
https://calcto.work/pt/titulacao/,0,2,0%,30.5
https://calcto.work/de/videodateigroesse/,0,2,0%,33
https://calcto.work/fr/newtons-second-law/,0,2,0%,34.5
https://calcto.work/es/calculadora-zapata-aislada/1-8x1-8m-8ud/,0,2,0%,35
https://calcto.work/de/spannungsabfall-rechner/10mm2-30m/,0,2,0%,37
https://calcto.work/fr/disponibilite-serveur/,0,2,0%,39.5
https://calcto.work/fr/vitesse/,0,2,0%,44
https://calcto.work/en/voltage-drop-calculator/10mm2-30m/,0,2,0%,49
https://calcto.work/es/resistencia-led/,0,2,0%,51
https://calcto.work/es/calorias-caminar/,0,2,0%,62
https://calcto.work/de/wahrscheinlichkeit/,0,2,0%,66
https://calcto.work/es/rentabilidad-alquiler/,0,2,0%,68.5
https://calcto.work/en/aluminium-pvc-window-calculator/6ud-0-8x1-2m/,0,2,0%,71
https://calcto.work/es/horas-sueno/,0,2,0%,71
https://calcto.work/de/lauftempo/,0,2,0%,74.5
https://calcto.work/es/running-pace-predictor/,0,2,0%,74.5
https://calcto.work/en/water-tank-calculator/,0,2,0%,75.5
https://calcto.work/pt/relacao-transformador/,0,2,0%,77.5
https://calcto.work/de/wandfliesen-rechner/30x30-8m2/,0,2,0%,79
https://calcto.work/en/screen-resolution/,0,2,0%,81.5
https://calcto.work/pt/comprimento/,0,2,0%,82
https://calcto.work/en/resistor-color-code/,0,2,0%,86
https://calcto.work/es/date-difference/,0,2,0%,86.5
https://calcto.work/en/underfloor-heating-calculator/20m2/,0,2,0%,90
https://calcto.work/de/geruest-miete-rechner/15x8m-1w/,0,2,0%,90.5
https://calcto.work/en/air-conditioner-btu-calculator/15m2-2-8m/,0,1,0%,1
https://calcto.work/pt/calculadora-muro-contencao/5x3-0m/,0,1,0%,1
https://calcto.work/pt/calculadora-tinta-paredes-internas/60m2-2c/,0,1,0%,1
https://calcto.work/en/swimming-pool-volume-calculator/4x5x1-8m/,0,1,0%,2
https://calcto.work/pt/calculadora-custo-combustivel/30km-8l/,0,1,0%,2
https://calcto.work/pt/calculadora-volume-piscina/12x2x1-5m/,0,1,0%,2
https://calcto.work/es/viento-cruzado/,0,1,0%,3
https://calcto.work/fr/calculateur-chute-tension/6mm2-50m/,0,1,0%,3
https://calcto.work/en/calories-burned-walking/,0,1,0%,4
https://calcto.work/en/concrete-column-calculator/0-3x0-3m-h3-0m-4ud/,0,1,0%,4
https://calcto.work/en/isolated-footing-calculator/1-2x1-0m-2ud/,0,1,0%,4
https://calcto.work/en/lighting-lumens-calculator/8m2-t2/,0,1,0%,4
https://calcto.work/es/calculadora-volumen-piscina/8x3x1-8m/,0,1,0%,4
https://calcto.work/es/profundidad-campo/,0,1,0%,4
https://calcto.work/fr/croissance-exponentielle/,0,1,0%,4
https://calcto.work/it/calcolatore-tegole-copertura/200m2-25pct/,0,1,0%,4
https://calcto.work/it/titolazione/,0,1,0%,4
https://calcto.work/de/betonstaender-rechner/0-25x0-25m-h2-5m-4ud/,0,1,0%,5
https://calcto.work/de/gartenerde-rechner/8x1m-30cm/,0,1,0%,5
https://calcto.work/de/terrazzo-rechner/40x40-25m2/,0,1,0%,5
https://calcto.work/en/hollow-brick-calculator/3x2-8m/,0,1,0%,5
https://calcto.work/en/stone-masonry-calculator/2x2-5m/,0,1,0%,5
https://calcto.work/es/calculadora-tierra-jardin/10x3m-15cm/,0,1,0%,5
https://calcto.work/es/calculadora-vigas-hormigon/0-3x0-6m-8m-6ud/,0,1,0%,5
https://calcto.work/es/calculadora-zapata-aislada/1-2x1-2m-8ud/,0,1,0%,5
https://calcto.work/es/grasa-corporal-navy/,0,1,0%,5
https://calcto.work/fr/calculateur-chute-tension/4mm2-50m/,0,1,0%,5
https://calcto.work/fr/calculateur-rendement-journalier-chantier/5op-6h-4m2h/,0,1,0%,5
https://calcto.work/fr/calculateur-semelle-isolee/1-2x1-2m-8ud/,0,1,0%,5
https://calcto.work/fr/evapotranspiration/,0,1,0%,5
https://calcto.work/en/concrete-column-calculator/0-3x0-3m-h4-0m-10ud/,0,1,0%,6
https://calcto.work/en/gibbs-free-energy/,0,1,0%,6
https://calcto.work/en/projectile-motion/,0,1,0%,6
https://calcto.work/en/spl-distance/,0,1,0%,6
https://calcto.work/es/calculadora-muro-contencion/10x1-5m/,0,1,0%,6
https://calcto.work/fr/calculateur-cloture-poteaux/10m-1-5sep/,0,1,0%,6
https://calcto.work/pt/gasto-energetico-total/,0,1,0%,6
https://calcto.work/de/tapeten-rechner/3x2-6m/,0,1,0%,7
https://calcto.work/es/calculadora-azulejo-pared/30x30-20m2/,0,1,0%,7
https://calcto.work/es/calculadora-solado-ceramico/45x45-12m2/,0,1,0%,7
https://calcto.work/es/mets-actividad/,0,1,0%,7
https://calcto.work/es/velocidad-casco/,0,1,0%,7
https://calcto.work/fr/calculateur-consommation-electrique-mensuelle/3000w-1h/,0,1,0%,7
https://calcto.work/de/schwimmbad-volumen-rechner/5x6x1-5m/,0,1,0%,8
https://calcto.work/en/earthwork-excavation-calculator/10x6x1-5m/,0,1,0%,8
https://calcto.work/en/earthwork-excavation-calculator/5x6x2-5m/,0,1,0%,8
https://calcto.work/en/earthwork-excavation-calculator/8x4x0-5m/,0,1,0%,8
https://calcto.work/es/calculadora-tierra-jardin/3x2m-15cm/,0,1,0%,8
https://calcto.work/es/calculadora-vigas-hormigon/0-3x0-4m-5m-6ud/,0,1,0%,8
https://calcto.work/es/puente-wheatstone/,0,1,0%,8
https://calcto.work/fr/loi-gaz-parfaits/,0,1,0%,8
https://calcto.work/it/altitudine-pressione/,0,1,0%,8
https://calcto.work/pt/calculadora-escada-madeira/,0,1,0%,8
https://calcto.work/de/kabelquerschnitt-rechner/6a-10m/,0,1,0%,9
https://calcto.work/de/metallgelaender-rechner/6x1-0m/,0,1,0%,9
https://calcto.work/de/seitenwindkomponente/,0,1,0%,9
https://calcto.work/en/ingenieria/,0,1,0%,9
https://calcto.work/en/strip-foundation-calculator/10x0-8x0-4m/,0,1,0%,9
https://calcto.work/es/producto-escalar/,0,1,0%,9
https://calcto.work/es/punto-equilibrio/,0,1,0%,9
https://calcto.work/pt/calculadora-piso-terrazo/20x20-5m2/,0,1,0%,9
https://calcto.work/pt/ponte-wheatstone/,0,1,0%,9
https://calcto.work/de/erdaushub-rechner/10x6x1-5m/,0,1,0%,10
https://calcto.work/en/concrete-column-calculator/0-25x0-25m-h3-5m-8ud/,0,1,0%,10
https://calcto.work/en/ohms-law/,0,1,0%,10
https://calcto.work/en/server-uptime/,0,1,0%,10
https://calcto.work/es/calculadora-caida-tension/6mm2-30m/,0,1,0%,10
https://calcto.work/es/calculadora-vigas-hormigon/0-25x0-6m-5m-6ud/,0,1,0%,10
https://calcto.work/es/ingesta-fibra/,0,1,0%,10
https://calcto.work/es/ley-charles/,0,1,0%,10
https://calcto.work/es/volumen/,0,1,0%,10
https://calcto.work/it/calcolatore-terra-giardino/4x5m-20cm/,0,1,0%,10
https://calcto.work/de/zaunpfosten-rechner/50m-1-5sep/,0,1,0%,11
https://calcto.work/es/calculadora-consumo-electrico-mensual/1000w-4h/,0,1,0%,11
https://calcto.work/es/fuerza-magnetica-carga/,0,1,0%,11
https://calcto.work/it/calcolatore-costo-carburante/50km-7l/,0,1,0%,11
https://calcto.work/it/calcolatore-pavimento-ceramica/45x45-40m2/,0,1,0%,11
https://calcto.work/pt/calculadora-terra-jardim/8x5m-30cm/,0,1,0%,11
https://calcto.work/pt/dilatacao-termica/,0,1,0%,11
https://calcto.work/pt/ritmo-corrida/,0,1,0%,11
https://calcto.work/de/betontraeger-rechner/0-2x0-4m-4m-4ud/,0,1,0%,12
https://calcto.work/de/steinmauerwerk-rechner/5x2-5m/,0,1,0%,12
https://calcto.work/en/concrete-beam-calculator/0-3x0-6m-8m-6ud/,0,1,0%,12
https://calcto.work/en/concrete-column-calculator/0-3x0-3m-h3-5m-2ud/,0,1,0%,12
https://calcto.work/es/calculadora-tierra-jardin/5x5m-15cm/,0,1,0%,12
https://calcto.work/es/latencia-ping/,0,1,0%,12
https://calcto.work/es/metabolismo-en-reposo/,0,1,0%,12
https://calcto.work/fr/calculateur-enduit-projete/150m2-25mm/,0,1,0%,12
https://calcto.work/fr/calculateur-poteaux-beton/0-4x0-4m-h4-0m-4ud/,0,1,0%,12
https://calcto.work/fr/calculateur-semelle-isolee/1-5x1-8m-2ud/,0,1,0%,12
https://calcto.work/de/innenfarbe-rechner/40m2-3c/,0,1,0%,13
https://calcto.work/es/calculadora-postes-valla/60m-2-0sep/,0,1,0%,13
https://calcto.work/es/logaritmo-natural/,0,1,0%,13
https://calcto.work/pt/calculadora-janelas-aluminio-pvc/2ud-1-2x1-0m/,0,1,0%,16
https://calcto.work/es/calculadora-sifon-sumidero/,0,1,0%,17
https://calcto.work/en/drainage-pipe-calculator/,0,1,0%,18
https://calcto.work/fr/calculateur-mur-soutenement/5x1-0m/,0,1,0%,18
https://calcto.work/fr/circuit-rc/,0,1,0%,21
https://calcto.work/es/calculadora-vigas-hormigon/0-25x0-5m-8m-2ud/,0,1,0%,23
https://calcto.work/fr/calculateur-fenetres-aluminium-pvc/8ud-1-5x1-2m/,0,1,0%,23
https://calcto.work/fr/calculateur-faience-murale/,0,1,0%,28
https://calcto.work/es/ley-snell/,0,1,0%,34
https://calcto.work/it/distanza-iperfocale/,0,1,0%,34
https://calcto.work/fr/zones-cardiaques/,0,1,0%,38
https://calcto.work/it/capacita-raid/,0,1,0%,38
https://calcto.work/it/legge-ohm/,0,1,0%,42
https://calcto.work/es/calculadora-mamposteria-piedra/6x1-0m/,0,1,0%,45
https://calcto.work/de/kontrastverhaeltnis/,0,1,0%,47
https://calcto.work/it/profondita-campo/,0,1,0%,47
https://calcto.work/de/geruest-miete-rechner/4x10m-6w/,0,1,0%,49
https://calcto.work/en/cagr-monthly/,0,1,0%,50
https://calcto.work/es/deportes/,0,1,0%,50
https://calcto.work/it/zone-frequenza-cardiaca/,0,1,0%,51
https://calcto.work/it/indice-calore/,0,1,0%,53
https://calcto.work/it/fotografia/,0,1,0%,54
https://calcto.work/it/partitore-tensione/,0,1,0%,55
https://calcto.work/es/calculadora-mamposteria-piedra/10x3-0m/,0,1,0%,60
https://calcto.work/en/scaffolding-hire-calculator/20x3m-2w/,0,1,0%,62
https://calcto.work/en/bmr-katch-mcardle/,0,1,0%,64
https://calcto.work/es/ley-ohm/,0,1,0%,66
https://calcto.work/de/magnetische-kraft-ladung/,0,1,0%,67
https://calcto.work/es/tiempo-lectura/,0,1,0%,68
https://calcto.work/en/scaffolding-hire-calculator/12x4m-3w/,0,1,0%,70
https://calcto.work/de/geruest-miete-rechner/12x4m-3w/,0,1,0%,74
https://calcto.work/de/pyramid-volume/,0,1,0%,75
https://calcto.work/de/raid-kapazitaet/,0,1,0%,78
https://calcto.work/de/rc-schaltung/,0,1,0%,78
https://calcto.work/en/video-file-size/,0,1,0%,78
https://calcto.work/en/running-pace-predictor/,0,1,0%,79
https://calcto.work/es/calculadora-zapata-aislada/1-2x1-2m-4ud/,0,1,0%,81
https://calcto.work/en/consumo-combustible/,0,1,0%,82
https://calcto.work/en/water-service-connection-calculator/,0,1,0%,82
https://calcto.work/es/calculadora-seccion-cable-electrico/,0,1,0%,82
https://calcto.work/pt/energia-unidades/,0,1,0%,83
https://calcto.work/de/betontraeger-rechner/0-2x0-4m-6m-2ud/,0,1,0%,84
https://calcto.work/de/worte-pro-minute/,0,1,0%,84
https://calcto.work/es/cuartiles/,0,1,0%,85
https://calcto.work/pt/macro-calculator/,0,1,0%,86
https://calcto.work/es/calculadora-bloque-hormigon/5x3-0m/,0,1,0%,87
https://calcto.work/de/wheatstone-bruecke/,0,1,0%,88
https://calcto.work/en/deflexion-viga/,0,1,0%,88
https://calcto.work/en/water-intake-by-weight/,0,1,0%,88
https://calcto.work/en/tile-grout-calculator/45cm-30m2/,0,1,0%,90
https://calcto.work/en/coulomb-force/,0,1,0%,91
https://calcto.work/en/stefan-boltzmann-law/,0,1,0%,91
https://calcto.work/it/calcolatore-fondazione-isolata/2-0x1-2m-2ud/,0,1,0%,94
https://calcto.work/en/data-transfer-time/,0,1,0%,95
https://calcto.work/it/estinzione-mutuo/,0,1,0%,97
https://calcto.work/pt/roi/,0,1,0%,97
https://calcto.work/en/tile-grout-calculator/90cm-10m2/,0,1,0%,98
https://calcto.work/es/calculadora-zapata-aislada/1-0x1-5m-4ud/,0,1,0%,98
https://calcto.work/de/innenfarbe-rechner/30m2-3c/,0,1,0%,99